"Area","Bio_Pattern","Sex","BirthSeas","Settlement","Platoon","Morph","Yr","Seas","Time","Beg/Mid","Era","0","1","2","3","4","5","6","7","8","9","10","11","12","13","14","15","16","17","18","19","20","21"
1,1,1,1,1,1,1,1962,1,1962,"B","VIRG",485794,397735,325638,266609,218281,178714,146318,119795,98080.1,80301.2,65745.1,53827.5,44070.2,36081.7,29541.2,24186.3,19802,16212.5,13273.7,10867.6,8897.63,40187.5
1,1,1,1,1,1,1,1962,1,1962.5,"M","VIRG",439565,359885,294649,241238,197509,161707,132394,108395,88746.6,72659.6,59488.6,48705.2,39876.4,32648,26730,21884.6,17917.6,14669.7,12010.5,9833.4,8050.91,36363.2
1,1,1,1,1,1,1,1963,1,1963,"B","INIT",485794,397725,325603,266503,217875,177292,143284,115208,92387.9,73999,59239,47411.7,37941.5,30361.2,24294.6,19439.8,15555,12446.5,9959.09,7968.78,6376.22,25528.4
1,1,1,1,1,1,1,1963,1,1963.5,"M","INIT",439560,359862,294575,240965,196539,159383,128481,103169,82683.8,66209,52996.5,42413.1,33940.4,27159,21732,17389.3,13914.2,11133.5,8908.52,7128.16,5703.6,22835.4
1,1,1,1,1,1,1,1964,1,1964,"B","TIME",195892,170311,325603,266503,217875,177292,143284,115208,92387.9,73999,59239,47411.7,37941.5,30361.2,24294.6,19439.8,15555,12446.5,9959.09,7968.78,6376.22,25528.4
1,1,1,1,1,1,1,1964,1,1964.5,"M","TIME",177248,154097,294572,240955,196505,159325,128416,103108,82632.5,66166.9,52962.4,42385.8,33918.4,27141.4,21718,17378,13905.2,11126.3,8902.74,7123.53,5699.89,22820.6
1,1,1,1,1,1,1,1965,1,1965,"B","TIME",186175,160379,139427,266498,217857,177231,143179,115090,92279.5,73907.2,59163.7,47350.8,37892.5,30321.9,24263.1,19414.6,15534.8,12430.3,9946.16,7958.43,6367.94,25495.3
1,1,1,1,1,1,1,1965,1,1965.5,"M","TIME",168458,145115,126153,241086,196947,160059,129209,103821,83229,66653.4,53355.1,42701.3,34171.5,27344.1,21880.3,17507.9,14009.2,11209.5,8969.34,7176.83,5742.54,22991.3
1,1,1,1,1,1,1,1966,1,1966,"B","TIME",179714,152427,131304,114143,218097,178045,144552,116603,93655.1,75066.2,60111.6,48116.8,38508.3,30815.8,24658.8,19731.5,15788.5,12633.3,10108.6,8088.45,6471.99,25911.9
1,1,1,1,1,1,1,1966,1,1966.5,"M","TIME",162612,137919,118801,103249,197083,160655,130290,105039,84344.9,67596.3,54127.1,43325.4,34673.3,27746.7,22202.8,17766.2,14215.9,11375,9101.77,7282.81,5827.34,23330.9
1,1,1,1,1,1,1,1967,1,1967,"B","TIME",178314,147136,124792,107489,93393.8,178094,144963,117435,94621.1,75960.2,60869.7,48738.3,39011.1,31220.2,24983.2,19991.4,15996.6,12800,10242,8195.2,6557.41,26254
1,1,1,1,1,1,1,1967,1,1967.5,"M","TIME",161344,133129,112901,97192.3,84260.8,160156,130045,105217,84728.5,68001.6,54486,43624.5,34916.9,27943.3,22360.7,17892.8,14317.4,11456.3,9166.81,7334.87,5869.01,23497.8
1,1,1,1,1,1,1,1968,1,1968,"B","TIME",184790,145988,120456,102142,87882,76020.9,144025,116663,94270.5,75870.2,60876.8,48771.8,39047.3,31252.5,25010.3,20013.6,16014.6,12814.4,10253.6,8204.49,6564.86,26283.8
1,1,1,1,1,1,1,1968,1,1968.5,"M","TIME",167203,132090,108975,92347.8,79251.6,68297.3,129029,104363,84275.8,67806.7,54399.7,43579.8,34889.5,27924.2,22346.6,17881.9,14308.8,11449.5,9161.42,7330.56,5865.57,23484.1
1,1,1,1,1,1,1,1969,1,1969,"B","TIME",200177,151290,119514,98588.8,83492.4,71468.8,61358.5,115594,93359.8,75340.8,60600.2,48611.7,38940.6,31174.4,24950.3,19966.5,15977.3,12784.7,10229.9,8185.57,6549.72,26223.3
1,1,1,1,1,1,1,1969,1,1969.5,"M","TIME",181125,136888,108127,89149.3,75344,64299.8,55079.7,103644,83664.2,67500.9,54288.5,43546.4,34882.2,27925,22349.5,17885.2,14311.7,11451.9,9163.46,7332.22,5866.91,23489.5
1,1,1,1,1,1,1,1970,1,1970,"B","TIME",215463,163887,123857,97824.6,80613.7,67990.8,57849.9,49443.5,92929.5,74975.6,60476.8,48634.2,39009,31246.8,25014.3,20019.8,16020.7,12819.8,10258.1,8208.18,6567.84,26296
1,1,1,1,1,1,1,1970,1,1970.5,"M","TIME",194954,148279,112036,88381.4,72482.1,60700.9,51375,43788.8,82199.6,66282.6,53451.7,42979.6,34471.5,27611.3,22103.6,17690.1,14156.3,11327.8,9064.21,7252.85,5803.42,23235.4
1,1,1,1,1,1,1,1971,1,1971,"B","TIME",211045,176398,134157,101343,79849.7,65170.8,54192.6,45624.8,38780.9,72708.6,58597.4,47242.6,37982.5,30461.8,24398.8,19531.5,15631.4,12508.8,10009.4,8009.26,6408.71,25659
1,1,1,1,1,1,1,1971,1,1971.5,"M","TIME",190955,159593,121339,91508.9,71626.4,57893.7,47793.6,40085.9,34014.9,63725.4,51340.3,41385,33270.4,26681.5,21370.4,17107,13690.9,10955.8,8766.75,7014.89,5613.04,22473.2
1,1,1,1,1,1,1,1972,1,1972,"B","TIME",198845,172778,144389,109747,82628.7,64250,51429.2,42150.1,35219.4,29834.7,55852,44981.9,36253.8,29142.9,23370.4,18717.9,14983.5,11991.3,9595.71,7678.35,6143.97,24599.2
1,1,1,1,1,1,1,1972,1,1972.5,"M","TIME",179920,156328,130625,99212.6,74482.1,57669.5,46015.6,37651,31436.7,26621.6,49829.6,40128.8,32341.2,25997.2,20847.6,16697.2,13365.9,10696.7,8559.73,6849.37,5480.64,21943.3
1,1,1,1,1,1,1,1973,1,1973,"B","TIME",177256,162796,141444,118172,89689.6,67138.6,51763.1,41171.9,33632.2,28060.3,23754.6,44456.6,35799.3,28850.8,23191.1,18597.1,14894.7,11922.9,9541.88,7635.6,6109.88,24463.1
1,1,1,1,1,1,1,1973,1,1973.5,"M","TIME",160384,147290,127940,106746,80582,59844.7,45867.5,36370.5,29668.9,24738.5,20936.7,39177.9,31546.4,25422.5,20434.9,16386.7,13124.2,10505.6,8407.62,6727.93,5383.57,21555
1,1,1,1,1,1,1,1974,1,1974,"B","TIME",229829,145117,133261,115726,96423.9,72399.2,53343.2,40643.4,32129.1,26172.6,21810,18453.1,34525.9,27798.8,22401.6,18006.3,14439,11564.2,9256.84,7408.19,5928.15,23736.2
1,1,1,1,1,1,1,1974,1,1974.5,"M","TIME",207953,131297,120546,104568,86746,64713.3,47451.1,36063.6,28476.5,23185.6,19316.5,16341.7,30573.8,24616,19836.4,15944.2,12785.4,10239.8,8196.66,6559.72,5249.19,21017.6
1,1,1,1,1,1,1,1975,1,1975,"B","TIME",302475,188159,118794,109044,94486.8,78039.5,57843.4,42209.9,31999.8,25239.1,20539.6,17108.2,14471.9,27074.1,21797.6,17564.9,14118.3,11321.2,9067.07,7257.91,5808.44,23258.3
1,1,1,1,1,1,1,1975,1,1975.5,"M","TIME",273688,170248,107477,98611.9,85295.7,70264.3,51978.9,37891.9,28713.1,22642.2,18424.6,15345.8,12980.9,24284.3,19551.4,15754.9,12663.4,10154.5,8132.67,6509.94,5209.84,20861.4
1,1,1,1,1,1,1,1976,1,1976,"B","TIME",301091,247641,154042,97238.2,89177.8,76998.7,63263.8,46708.9,34015.6,25764,20312.6,16527.4,13765.1,11643.4,21782.1,17536.7,14131.3,11358.4,9108.04,7294.56,5839.06,23384.4
1,1,1,1,1,1,1,1976,1,1976.5,"M","TIME",272435,224064,139358,87906.8,80393.2,69126.6,56620.6,41736.9,30372.7,22997.5,18128.8,14749.5,12283.9,10390.4,19437.7,15649.2,12610.3,10135.8,8127.64,6509.36,5210.52,20867.2
1,1,1,1,1,1,1,1977,1,1977,"B","TIME",278798,246505,202731,126074,79470.8,72473.9,62059.4,50674.9,37294.1,27119.9,20528,16179.8,13162.9,10962.1,9272.19,17345.7,13964.8,11252.9,9044.79,7252.77,5808.68,23270.7
1,1,1,1,1,1,1,1977,1,1977.5,"M","TIME",252263,223035,183403,113966,71616.4,65014.4,55483,45225,33256.7,24175.4,18296.4,14419.8,11730.6,9769.12,8262.99,15457.6,12444.7,10028,8060.21,6463.25,5176.35,20737.4
1,1,1,1,1,1,1,1978,1,1978,"B","TIME",401971,228253,201800,165918,103020,64538.2,58322.6,49603.5,40361.1,29656.4,21550.7,16307.3,12851.2,10454.2,8705.94,7363.63,13775.1,11090.1,8936.42,7182.81,5759.68,23092.8
1,1,1,1,1,1,1,1978,1,1978.5,"M","TIME",363708,206511,182530,149858,92517.2,57472.1,51611.5,43752.3,35547.6,26102.6,18962.7,14347,11305.5,9196.44,7658.38,6477.51,12117.3,9755.38,7860.89,6318.32,5066.46,20313.4
1,1,1,1,1,1,1,1979,1,1979,"B","TIME",468773,329087,186840,165100,135353,83085.1,51179.7,45672.6,38591.3,31308.2,22974.7,16685.5,12622.3,9945.75,8090.03,6736.87,5698.01,10659.1,8581.32,6914.81,5557.87,22325.2
1,1,1,1,1,1,1,1979,1,1979.5,"M","TIME",424158,297757,169032,149267,122056,74637.7,45845.5,40851.8,34494.9,27976.7,20527.2,14907.1,11276.6,8885.24,7227.33,6018.43,5090.34,9522.29,7666.12,6177.34,4965.12,19944.1
1,1,1,1,1,1,1,1980,1,1980,"B","TIME",517269,383789,269409,152922,134952,110065,67049,41067.2,36539.9,30833.3,24999.7,18340.5,13318.2,10074.3,7937.82,6456.62,5376.6,4547.47,8506.75,6848.53,5518.52,22252.6
1,1,1,1,1,1,1,1980,1,1980.5,"M","TIME",468036,347244,243714,138207,121514,98564.7,59798.6,36548.6,32488.3,27403,22214.1,16295.4,11832.6,8950.38,7052.12,5736.15,4776.62,4040,7557.43,6084.25,4902.66,19769.2
1,1,1,1,1,1,1,1981,1,1981,"B","TIME",1116260,423489,314179,220470,124909,109415,88265.9,53332.2,32527.3,28886,24354.3,19739,14478.4,10512.7,7951.81,6265.25,5096.07,4243.59,3589.16,6714.04,5405.26,21918.5
1,1,1,1,1,1,1,1981,1,1981.5,"M","TIME",1010010,383157,284198,199202,112343,97745.7,78456.5,47281.2,28802.7,25565.1,21549.3,17463.6,12808.7,9300.1,7034.46,5542.4,4508.09,3753.95,3175.02,5939.33,4781.55,19389.3
1,1,1,1,1,1,1,1982,1,1982,"B","TIME",477605,913876,346667,257079,179985,101042,87321.4,69737.3,41916.7,25504.6,22626,19067.4,15450.5,11331.6,8227.34,6222.93,4902.96,3987.95,3320.81,2808.67,5254.01,21381.8
1,1,1,1,1,1,1,1982,1,1982.5,"M","TIME",432147,826857,313607,232353,162094,90520.7,77922.9,62104.6,37294.6,22683.1,20119.2,16953.4,13736.9,10074.6,7314.59,5532.51,4358.96,3545.46,2952.34,2497.02,4671.02,19009.2
1,1,1,1,1,1,1,1983,1,1983,"B","TIME",406135,391016,748124,283699,210006,145982,81095.3,69536,55307.2,33182.1,20173.7,17890.2,15073.8,12213.4,8957.03,6503.09,4918.68,3875.32,3152.07,2624.75,2219.95,21052.6
1,1,1,1,1,1,1,1983,1,1983.5,"M","TIME",367482,353792,676835,256522,189466,131273,72746.5,62297.9,49521.9,29703.7,18056.8,16012.1,13491,10930.8,8016.31,5820.08,4402.06,3468.28,2820.99,2349.06,1986.78,18841.3
1,1,1,1,1,1,1,1984,1,1984,"B","TIME",593762,332508,320112,612340,231948,170935,118047,65257.2,55813.3,44341.7,26589.9,16162.1,14331.1,12074.4,9782.85,7174.4,5208.79,3939.7,3103.99,2524.68,2102.32,18640.3
1,1,1,1,1,1,1,1984,1,1984.5,"M","TIME",537254,300857,289619,553780,209420,153958,106130,58614,50110.2,39803.3,23866.3,14506.1,12862.4,10836.9,8780.14,6439.02,4674.88,3535.87,2785.81,2265.89,1886.82,16729.6
1,1,1,1,1,1,1,1985,1,1985,"B","TIME",1012480,486124,272219,262031,500820,189080,138667,95415.7,52647.1,44989.8,35729.4,21421.8,13019.7,11544.3,9726.18,7880.2,5779.02,4195.69,3173.43,2500.26,2033.63,16708.1
1,1,1,1,1,1,1,1985,1,1985.5,"M","TIME",916121,439848,246285,236957,452060,170207,124573,85627,47223.5,40346.6,32038.9,19208.2,11674.1,10351,8720.79,7065.6,5181.61,3761.96,2845.37,2241.78,1823.39,14980.8
1,1,1,1,1,1,1,1986,1,1986,"B","TIME",428433,828933,397978,222822,214283,408047,153218,111911,76842.6,42358.6,36182.6,28729.6,17223.4,10467.6,9281.13,7819.34,6335.22,4645.97,3373.06,2551.22,2010.03,15067
1,1,1,1,1,1,1,1986,1,1986.5,"M","TIME",387660,750030,360072,201523,193513,367690,137839,100593,69044.6,38053.7,32502.8,25806.8,15471,9402.43,8336.66,7023.6,5690.5,4173.15,3029.79,2291.58,1805.47,13533.6
1,1,1,1,1,1,1,1987,1,1987,"B","TIME",1144150,350766,678637,325776,182260,174756,331325,124004,90419.1,62037.9,34186.2,29197.3,23181.4,13896.8,8445.66,7488.3,6308.84,5111.39,3748.46,2721.45,2058.37,13778
1,1,1,1,1,1,1,1987,1,1987.5,"M","TIME",1035270,317382,614021,294690,164719,157725,298737,111749,81464.3,55888.1,30795.9,26301.2,20881.8,12518.2,7607.76,6745.37,5682.91,4604.27,3376.55,2451.44,1854.15,12411
1,1,1,1,1,1,1,1988,1,1988,"B","TIME",283123,936744,287174,555557,266570,148865,142354,269354,100705,73396.3,50347.9,27741.8,23692.3,18810.3,11276.3,6852.99,6076.14,5119.09,4147.46,3041.55,2208.22,12849.8
1,1,1,1,1,1,1,1988,1,1988.5,"M","TIME",256180,847597,259843,502671,241170,134644,128673,243184,90761.5,66006.1,45174.3,24836.4,21169.6,16779.6,10045.2,6098.06,5401.98,4547.86,3682.53,2699.34,1959.03,11391.9
1,1,1,1,1,1,1,1989,1,1989,"B","TIME",506159,231801,766934,235113,454818,218191,121782,116308,219556,81799.7,59360.1,40532.4,22235.3,18915.5,14968.1,8948.49,5426.29,4802.61,4040.37,3269.72,2395.63,11837.4
1,1,1,1,1,1,1,1989,1,1989.5,"M","TIME",457991,209741,693947,212735,411511,197389,110138,105130,198290,73801.1,53497.4,36491.1,19999.9,17000.4,13444,8033.11,4869.16,4308.06,3623.32,2931.57,2147.49,10607.8
1,1,1,1,1,1,1,1990,1,1990,"B","TIME",555149,414407,189781,627905,192487,372327,178571,99608.4,95025.6,179084,66584.6,48213.7,32852.8,17989.1,15279.3,12075.1,7211.37,4369.24,3864.43,3249.32,2628.39,11431
1,1,1,1,1,1,1,1990,1,1990.5,"M","TIME",502317,374967,171717,568102,174114,336564,161172,89648.6,85162.3,159657,59031.8,42517.6,28834.7,15725.7,13312.8,10492.8,6252.95,3781.99,3340.38,2805.52,2267.33,9844.32
1,1,1,1,1,1,1,1991,1,1991,"B","TIME",476654,454513,339280,155371,513994,157494,304236,145469,80684.7,76322.7,142338,52335.7,37494.5,25308.1,13747.1,11599.4,9117.91,5421.9,3273.67,2887.39,2422.34,10433.7
1,1,1,1,1,1,1,1991,1,1991.5,"M","TIME",431293,411257,306988,140578,464983,142415,274835,131168,72552.6,68396.9,127096,46569.6,33261,22392,12137.1,10223,8024.74,4766.49,2875.33,2534.2,2124.77,9142.09
1,1,1,1,1,1,1,1992,1,1992,"B","TIME",521252,390249,372118,277769,127193,420646,128780,248275,118274,65240.2,61294.2,113485,41438.8,29505.5,19812,10715.6,9009.97,7062.63,4190.3,2525.47,2224.21,9874.11
1,1,1,1,1,1,1,1992,1,1992.5,"M","TIME",471647,353109,336701,251322,115066,380387,116346,223915,106394,58499.6,54774.5,101085,36804.2,26141.4,17517.7,9459.17,7943.1,6219.76,3687.08,2220.65,1954.66,8668.67
1,1,1,1,1,1,1,1993,1,1993,"B","TIME",369563,426763,319504,304654,227393,104095,343982,105113,201946,95706.6,52455.4,48948.3,90039,32687.9,23160.8,15489.1,8350.1,7002.56,5477.48,3244.29,1952.63,9328.17
1,1,1,1,1,1,1,1993,1,1993.5,"M","TIME",334394,386148,289095,275649,205718,94139.7,310829,94838.1,181793,85914.4,46948.2,43684.5,80153.2,29036.5,20537.3,13714.9,7385.12,6187.57,4836.38,2862.84,1722.2,8220.05
1,1,1,1,1,1,1,1994,1,1994,"B","TIME",344712,302571,349399,261580,249406,186109,85136.3,280872,85567.7,163651,77124.1,42019.2,38986.9,71352.8,25793,18211,12144,6531.65,5467.43,4270.31,2526.24,8762.54
1,1,1,1,1,1,1,1994,1,1994.5,"M","TIME",311907,273776,316144,236674,225626,168294,76912.6,253288,76958.4,146700,68893.4,37409.1,34606.1,63175.2,22789.4,16063.2,10697.2,5747.21,4806.58,3751.5,2218.04,7685.44
1,1,1,1,1,1,1,1995,1,1995,"B","TIME",362011,282225,247721,286054,214140,204113,152184,69483.3,228413,69215.3,131505,61541.1,33304.7,30717.5,55934.9,20135.6,14168.7,9422.72,5056.99,4225.61,3295.71,8688.18
1,1,1,1,1,1,1,1995,1,1995.5,"M","TIME",327560,255366,224144,258820,193729,184595,137523,62696.8,205651,62148.5,117738,54946,29662.7,27301.5,49629.3,17840.9,12539.9,8332.05,4468.41,3731.61,2909.05,7662.22
1,1,1,1,1,1,1,1996,1,1996,"B","TIME",507880,296388,231063,202811,234180,175264,166943,124274,56573.1,185157,55803.2,105412,49057.8,26418.9,24265.4,44034.5,15807.7,11098.4,7367.62,3948.34,3295.37,9325.16
1,1,1,1,1,1,1,1996,1,1996.5,"M","TIME",459548,268181,209071,183501,211854,158493,150832,112092,50900.2,166075,49887.8,93941.1,43597.4,23422.8,21471.5,38902.8,13947.7,9782.52,6488.72,3475.02,2898.76,8194.78
1,1,1,1,1,1,1,1997,1,1997,"B","TIME",508577,415815,242659,189172,166030,191657,143327,136276,101105,45796.1,148960,44599.4,83718.9,38744.8,20766.4,18999.3,34369.1,12306.6,8622.64,5714.67,3058.44,9751.31
1,1,1,1,1,1,1,1997,1,1997.5,"M","TIME",460178,376242,219562,171160,150196,173300,129462,122850,90876.4,41013.4,132888,39640.3,74165.7,34228.1,18303.5,16714.8,30191.3,10797.6,7558.08,5005.21,2677.05,8525.41
1,1,1,1,1,1,1,1998,1,1998,"B","TIME",509979,416385,340435,198664,154862,135873,156701,116937,110747,81682.4,36730.2,118550,35232.6,65702.7,30238,16132.7,14705,26521.4,9473.69,6624.94,4383.83,9796.85
1,1,1,1,1,1,1,1998,1,1998.5,"M","TIME",461446,376757,308031,179746,140088,122843,141496,105344,99419.6,73011.9,32680.9,105018,31089.7,57785.5,26522,14118.9,12846.6,23136.6,8255.14,5767.46,3813.55,8510.7
1,1,1,1,1,1,1,1999,1,1999,"B","TIME",400995,417532,340900,278712,162629,126723,111063,127766,94900,89250.6,65261.8,29078,93031.6,27433.9,50822.3,23262.6,12356.5,11223.1,20183.8,7193.32,5020.96,10710.9
1,1,1,1,1,1,1,1999,1,1999.5,"M","TIME",362834,377796,308454,252174,147122,114592,100333,115214,85346.3,79998.5,58289.2,25883.4,82561.6,24284.3,44893,20513.6,10881.4,9872.34,17738.9,6317.44,4407.03,9391.23
1,1,1,1,1,1,1,2000,1,2000,"B","TIME",376037,328305,341841,279096,228164,133094,103622,90640.2,103896,76754.5,71705.5,52061.6,23039.7,73269.9,21496.3,39655.5,18089.5,9582.31,8684.17,15590.1,5548.21,12102.4
1,1,1,1,1,1,1,2000,1,2000.5,"M","TIME",340251,297060,309304,252520,206404,120344,93592.6,81701.3,93365.8,68717.5,63941.7,46248.2,20397.8,64682.3,18932,34858.1,15876.6,8399.69,7604.81,13641.4,4851.54,10570.1
1,1,1,1,1,1,1,2001,1,2001,"B","TIME",502065,307871,268789,279865,228475,186718,108815,84534,73644,83903.3,61522.1,57018.6,41083.9,18058.9,57101.2,16673.6,30641.1,13934.4,7363.02,6659.6,11936.3,13474.1
1,1,1,1,1,1,1,2001,1,2001.5,"M","TIME",454286,278571,243206,253218,206690,168843,98301.5,76227.5,66227.3,75200.4,54944,50748.3,36455.1,15983,50430.6,14700.5,26977.8,12254.8,6469.76,5847.45,10474.5,11811.4
1,1,1,1,1,1,1,2002,1,2002,"B","TIME",575796,411053,252059,220058,229108,186982,152679,88803.7,68737.3,59557.6,67400.2,49069.2,45167.6,32347.8,14145.8,44539.3,12960.9,23752.5,10777.7,5684.86,5134.35,19545.6
1,1,1,1,1,1,1,2002,1,2002.5,"M","TIME",521001,371934,228069,199106,207267,169092,137950,80105.5,61853.3,53431.3,60273.3,43746.1,40158,28693.7,12524,39371.9,11443,20949.8,9498.38,5006.8,4519.56,17188.7
1,1,1,1,1,1,1,2003,1,2003,"B","TIME",780395,471420,336537,206362,180150,187508,152914,124642,72259.3,55658.6,47935.3,53900,39000.5,35704.1,25452.4,11088.1,34804.1,10102.8,18477.8,8370.88,4409.61,19094.4
1,1,1,1,1,1,1,2003,1,2003.5,"M","TIME",706128,426555,304507,186716,162978,169576,138181,112465,65055.4,49972.5,42912.8,48118.2,34730.7,31728.5,22579.2,9822.63,30797.1,8931.61,16323.7,7390.69,3891.4,16835.7
1,1,1,1,1,1,1,2004,1,2004,"B","TIME",171307,638930,385961,275526,168939,147444,153360,124867,101478,58569.8,44867.3,38416.5,42956.5,30928.4,28195.6,20030.3,8701.58,27251.5,7896.17,14420.8,6525.27,18278.4
1,1,1,1,1,1,1,2004,1,2004.5,"M","TIME",155004,578123,349225,249291,152829,133324,138530,112575,91225.7,52465.9,40039.9,34159.5,38074,27338.5,24867.1,17633.7,7649.24,23927.7,6926.54,12640.3,5716.07,15993.6
1,1,1,1,1,1,1,2005,1,2005,"B","TIME",450363,140253,523103,315986,225554,138255,120556,125133,101493,82009.4,46998.2,35731.8,30374.2,33746.4,24165.3,21931.5,15523.8,6724.17,21009.3,6075.97,11079.7,19001.6
1,1,1,1,1,1,1,2005,1,2005.5,"M","TIME",407504,126906,473315,285900,204047,125019,108907,112837,91270.2,73501,41971.4,31800.9,26950.5,29865.5,21340.8,19334.8,13666.8,5913.22,18459,5334.55,9721.93,16655.3
1,1,1,1,1,1,1,2006,1,2006,"B","TIME",358659,368724,114828,428265,258678,184591,113051,98384.4,101748,82076.9,65875.3,37482.3,28302.5,23912.8,26430.9,18846.5,17045.6,12031.9,5200.07,16218.2,4683.6,23129.2
1,1,1,1,1,1,1,2006,1,2006.5,"M","TIME",324527,333632,103899,387485,234006,166905,102104,88673.7,91421.1,73464.1,58722.4,33282.3,25044.1,21097.7,23263,16555.1,14949.5,10539,4550.21,14179.7,4092.16,20183.9
1,1,1,1,1,1,1,2007,1,2007,"B","TIME",249726,293643,301880,94009.4,350588,211687,150913,92218,79921.6,82142.2,65755.1,52346.2,29552.9,22160.9,18614,20474.8,14542.3,13111.2,9231.37,3981.56,12397.4,21189
1,1,1,1,1,1,1,2007,1,2007.5,"M","TIME",225961,265697,273147,85057.3,317145,191394,136281,83090.8,71770.9,73460.9,58547.7,46413,26105.6,19513.9,16348,17944.3,12723.4,11455.6,8056.83,3471.89,10802.7,18439
1,1,1,1,1,1,1,2008,1,2008,"B","TIME",308621,204457,240410,247148,76957.6,286891,173046,123068,74867,64451.5,65697.1,52130.3,41152.4,23060.3,17183.2,14357.9,15726.6,11132,10009.1,7031.73,3027.46,25459
1,1,1,1,1,1,1,2008,1,2008.5,"M","TIME",279250,184998,217526,223608,69610.6,259323,156168,110736,67067.3,57421.9,58192,45918.7,36070.1,20127.9,14946.4,12454,13610.6,9616.73,8634.11,6058.64,2606.01,21876.8
1,1,1,1,1,1,1,2009,1,2009,"B","TIME",295511,252675,167391,196820,202310,62965,234404,140936,99639.8,60080.2,51159.1,51544.2,40447.4,31615.6,17568.4,13000.8,10802.6,11779.2,8307.74,7448.02,5220.21,21041.9
1,1,1,1,1,1,1,2009,1,2009.5,"M","TIME",267389,228628,151458,178077,183008,56925.6,211646,126948,89428,53683.9,45497.1,45633.1,35665.5,27783.1,15395.6,11367.1,9427.87,10265.1,7231.31,6476.8,4535.98,18258
1,1,1,1,1,1,1,2010,1,2010,"B","TIME",201001,241942,206869,137042,161118,165547,51465.4,191098,114347,80262.7,47968.5,40461.7,40399.8,31448.9,24415.3,13491.5,9938.64,8228.07,8945.63,6294.35,5632.23,19783.9
1,1,1,1,1,1,1,2010,1,2010.5,"M","TIME",181873,218916,187178,123991,145745,149664,46465.4,172104,102599,71686.8,42634.4,35794.8,35592,27609,21372.2,11782.2,8663.11,7161.19,7776.2,5466.12,4887.2,17141.9
1,1,1,1,1,1,1,2011,1,2011,"B","TIME",745916,164565,198081,169361,112183,131838,135304,41951.1,154997,92058.6,64027.2,37893.4,31666.1,31356.4,24238,18708.4,10289.5,7551.27,6232.65,6759.65,4746.87,19093.4
1,1,1,1,1,1,1,2011,1,2011.5,"M","TIME",674931,148903,179229,153237,101488,119223,122248,37839.7,139458,82574.6,57243.1,33772.3,28143.8,27802.8,21449.3,16529.9,9079.82,6656.72,5489.8,5950.05,4176.09,16781.1
1,1,1,1,1,1,1,2012,1,2012,"B","TIME",268425,610701,134732,162170,138647,91812.6,107815,110451,34131.2,125477,74067.7,51177.7,30099.3,25013.2,24651.9,18981.6,14605.1,8012.35,5868.13,4835.49,5237.41,18422.7
1,1,1,1,1,1,1,2012,1,2012.5,"M","TIME",242881,552582,121909,146731,125433,83035.5,97435,99679.1,30738.7,112716,66354.1,45728.7,26832.5,22254.7,21897.8,16838.9,12942.8,7094.4,5192.31,4276.24,4629.6,16271.5
1,1,1,1,1,1,1,2013,1,2013,"B","TIME",628222,219767,499994,110306,132762,113479,75097.5,88054.6,89957.8,27683.4,101253,59443.9,40859.9,23920.2,19800.4,19451.4,14938.1,11469.7,6281.62,4594.31,3781.66,18463.8
1,1,1,1,1,1,1,2013,1,2013.5,"M","TIME",568436,198852,452404,99802.8,120099,102604,67823,79355.7,80813.2,24771.7,90225.4,52758.1,36135.7,21090.9,17415.1,17073.8,13090.9,10038.3,5491.98,4013.39,3301.23,16097.9
1,1,1,1,1,1,1,2014,1,2014,"B","TIME",548862,514340,179927,409343,90299.3,108644,92771.2,61253.1,71516.2,72598.3,22166.3,80398.4,46824.3,31957.6,18596.2,15317.2,14986.8,11472.2,8785.65,4801.61,3505.91,16917
1,1,1,1,1,1,1,2014,1,2014.5,"M","TIME",496629,465391,162801,370365,81686.8,98234,83788.7,55207.6,64258,64980.8,19759.7,71390.8,41434.4,28196.2,16367.8,13455.3,13144.3,10049.1,7687.93,4198.21,3063.29,14763.3
1,1,1,1,1,1,1,2015,1,2015,"B","TIME",1347400,449367,421099,147306,335098,73895.8,88821.8,75675.9,49758.7,57736.5,58162.6,17614.4,63392.3,36665,24877.4,14406.4,11819.7,11528.3,8802.46,6727.37,3670.64,15560.2
1,1,1,1,1,1,1,2015,1,2015.5,"M","TIME",1219180,406601,381021,133282,303159,66829.9,80265.6,68286.3,44802.1,51845.4,52078.5,15728.7,56468.3,32593,22077,12767.1,10463.1,10196.1,7779.66,5942.24,3240.73,13726
1,1,1,1,1,1,1,2016,1,2016,"B","TIME",584740,1103150,367906,344757,120593,274264,60439.6,72533.5,61618.2,40339.2,46555.3,46630.8,14044.9,50300.5,28973.2,19591.8,11314.3,9262.22,9017.82,6875.7,5248.74,14969.2
1,1,1,1,1,1,1,2016,1,2016.5,"M","TIME",529093,998168,332891,311936,109100,248047,54622,65462.6,55498.3,36241.4,41714.3,41675.2,12523.8,44766.5,25744.7,17386.2,10030.2,8204.21,7982.38,6082.94,4641.53,13226.9
1,1,1,1,1,1,1,2017,1,2017,"B","TIME",432225,478742,903175,301208,282239,98702.2,224336,49364.5,59081.1,49986.2,32559.9,37376.7,37246.2,11167.4,39841.3,22875.9,15429,8891.85,7267.05,7065.84,5381.58,15791.9
1,1,1,1,1,1,1,2017,1,2017.5,"M","TIME",391093,433182,817217,272534,255345,89271.4,202767,44563.5,53237.2,44940,29202.3,33445.2,33260.2,9954.98,35465,20339.6,13705.5,7892.67,6446.56,6265.01,4769.75,13986.4
1,1,1,1,1,1,1,2018,1,2018,"B","TIME",783619,353875,391957,739439,246589,231013,80741.7,183272,40229.4,47971.4,40403.1,26191,29927.2,29700.8,8874.18,31569.5,18084.4,12174.6,7005.77,5718.71,5554.95,16614.9
1,1,1,1,1,1,1,2018,1,2018.5,"M","TIME",709046,320197,354652,669041,223085,208920,72960.7,165361,36216.2,43066.1,36164.5,23377.2,26644.9,26387.1,7870.28,27958.3,15997.5,10759.7,6187.04,5047.37,4900.46,14644.3
1,1,1,1,1,1,1,2019,1,2019,"B","TIME",539648,641570,289724,320898,605345,201821,188940,65929.6,149200,32603.4,38662.3,32370.6,20865.6,23722.6,23443.1,6979.94,24760.3,14151.4,9509.32,5463.99,4454.85,17230.6
1,1,1,1,1,1,1,2019,1,2019.5,"M","TIME",488292,580511,262148,290340,547601,182476,170628,59409.1,134004,29164.1,34435,28712.6,18440,20899.9,20600.8,6120.99,21677.1,12372.6,8305.08,4767.88,3884.56,15005.4
1,1,1,1,1,1,1,2020,1,2020,"B","TIME",304653,441823,525264,237196,262693,495366,164985,154090,53533.4,120355,26087.7,30669.9,25467.9,16296.4,18413,18103.2,5367.74,18977.8,10817.4,7253.34,4160.46,16454.9
1,1,1,1,1,1,1,2020,1,2020.5,"M","TIME",275661,399776,475272,214615,237660,448027,149115,139090,48229.4,108174,23388.3,27430.3,22729.1,14517.5,16378.6,16083.5,4764.23,16830.9,9587.66,6425.48,3684.08,14559.8
1,1,1,1,1,1,1,2021,1,2021,"B","TIME",485794,249428,361730,430039,194184,215012,405211,134772,125550,43450.9,97225.6,20968.3,24532.9,20284.8,12932.8,14568.9,14289.1,4228.58,14926.9,8497.69,5692.1,16145.2
1,1,1,1,1,1,1,2021,1,2021.5,"M","TIME",439564,225690,327303,389099,175678,194460,366215,121639,113089,39041.6,87129.6,18743.7,21881.1,18057.9,11495.1,12932.9,12671.6,3746.85,13217.7,7520.65,5035.47,14271.5
1,1,1,1,1,1,1,2022,1,2022,"B","TIME",485794,397733,204212,296152,352056,158936,175873,330972,109786,101864,35079.7,78081.9,16755.1,19515.9,16075.5,10217.2,11480.7,11237.2,3320,11704.2,6655.96,17069.8
1,1,1,1,1,1,1,2022,1,2022.5,"M","TIME",439563,359881,184775,267954,318488,143721,158882,298456,98732.5,91303.3,31331.2,69501.9,14869,17274.8,14199.5,9009.46,10109.7,9884.43,2917.73,10278.6,5841.87,14966.1
1,1,1,1,1,1,1,2023,1,2023,"B","TIME",485794,397732,325631,167189,242441,288120,129962,143532,269135,88792.3,81837.3,27983.3,61864.8,13195.3,15291.1,12542.5,7944.5,8902.45,8694.47,2564.19,9026.7,18249
1,1,1,1,1,1,1,2023,1,2023.5,"M","TIME",439564,359881,294640,151274,219344,260609,117488,129621,242676,79911.2,73502.9,25084.9,55361.7,11791,13647.4,11183.4,7078.1,7926.59,7737.49,2281.02,8027.2,16218.5
1,1,1,1,1,1,1,2024,1,2024,"B","TIME",485794,397733,325633,266599,136874,198447,235724,106210,117058,218819,71918.3,66017.3,22486.7,49542.3,10536.2,12180.5,9971.57,6306.18,7057.69,6885.84,2029.13,21552.3
1,1,1,1,1,1,1,2024,1,2024.5,"M","TIME",439564,359882,294642,241221,123833,179496,213091,95909.5,105537,196893,64576.2,59158.7,20114.6,44249.3,9398.87,10854.6,8878.97,5611.54,6276.98,6121.54,1803.28,19141.5
1,1,1,1,1,1,1,2025,1,2025,"B","FORE",485794,397733,325634,266600,218258,112035,162355,192630,86607.8,95149.4,177164,57983.6,53012.7,17992.8,39521.8,8384.27,9673.12,7906.08,4993.41,5582.62,5442.07,18602.9
1,1,1,1,1,1,1,2025,1,2025.5,"M","FORE",439564,359882,294641,241219,197457,101326,146727,173852,78005.9,85483.9,158742,51821.5,47271.3,16013.2,35117.9,7440.43,8575.31,7002.98,4420.06,4938.95,4812.49,16437.6
1,1,2,1,1,1,2,1962,1,1962,"B","VIRG",485794,397735,325638,266609,218281,178714,146318,119795,98080.1,80301.2,65745.1,53827.5,44070.2,36081.7,29541.2,24186.3,19802,16212.5,13273.7,10867.6,8897.63,40187.5
1,1,2,1,1,1,2,1962,1,1962.5,"M","VIRG",439565,359885,294649,241238,197509,161707,132394,108395,88746.6,72659.6,59488.6,48705.2,39876.4,32648,26730,21884.6,17917.6,14669.7,12010.5,9833.4,8050.91,36363.2
1,1,2,1,1,1,2,1963,1,1963,"B","INIT",485794,397721,325595,266494,217890,177450,143675,115768,93003.5,74593.1,59774.3,47875.8,38334.9,30689.9,24566.9,19664,15738.8,12596.7,10081.6,8068.5,6457.3,25876.3
1,1,2,1,1,1,2,1963,1,1963.5,"M","INIT",439557,359856,294566,240970,196633,159672,128969,103763,83291.2,66773.9,53495.2,42840.5,34300.1,27458.3,21979.1,17592.3,14080.4,11269.2,9019.05,7218.08,5776.67,23148.6
1,1,2,1,1,1,2,1964,1,1964,"B","TIME",195892,170309,325595,266494,217890,177450,143675,115768,93003.5,74593.1,59774.3,47875.8,38334.9,30689.9,24566.9,19664,15738.8,12596.7,10081.6,8068.5,6457.3,25876.3
1,1,2,1,1,1,2,1964,1,1964.5,"M","TIME",177247,154094,294563,240960,196603,159622,128911,103708,83242.7,66733.3,53462,42813.6,34278.3,27440.7,21965.1,17581,14071.3,11261.9,9013.24,7213.43,5772.95,23133.7
1,1,2,1,1,1,2,1965,1,1965,"B","TIME",186175,160377,139423,266489,217873,177396,143585,115663,92903.8,74506.3,59701.7,47816.3,38286.6,30651,24535.6,19638.8,15718.6,12580.5,10068.6,8058.12,6448.99,25842.9
1,1,2,1,1,1,2,1965,1,1965.5,"M","TIME",168458,145113,126150,241081,196986,160252,129616,104365,83808.8,67203.6,53846.1,43124.7,34529.1,27642.5,22127,17710.9,14175.4,11345.3,9080.06,7266.94,5815.79,23305.4
1,1,2,1,1,1,2,1966,1,1966,"B","TIME",179714,152426,131302,114140,218096,178102,144765,117007,94170.9,75604.1,60616.7,48564.9,38893.4,31140.4,24929.2,19954.9,15972.2,12783.7,10231.5,8188.55,6553.44,26261.9
1,1,2,1,1,1,2,1966,1,1966.5,"M","TIME",162611,137918,118799,103248,197117,160769,130541,105443,84834.1,68095.3,54590.6,43734.3,35023.4,28041.2,22447.8,17968.5,14382.1,11511,9212.78,7373.25,5900.92,23647
1,1,2,1,1,1,2,1967,1,1967,"B","TIME",178314,147136,124791,107487,93395.3,178156,145123,117715,95021.7,76423,61332.2,49163.5,39384.1,31538.5,25250.5,20213.4,16179.7,12950.3,10365,8295.52,6639.12,26605.8
1,1,2,1,1,1,2,1967,1,1967.5,"M","TIME",161343,133128,112899,97195.4,84294.8,160352,130320,105558,85142.1,68448.4,54919.4,44017.1,35258.5,28233.3,22603.4,18093.9,14483,11592,9277.79,7425.37,5942.68,23814.7
1,1,2,1,1,1,2,1968,1,1968,"B","TIME",184790,145987,120453,102141,87889.3,76081.1,144327,117027,94656.7,76289.7,61305.9,49177.1,39409.4,31565,25274.4,20233.8,16196.7,12964.2,10376.3,8304.66,6646.48,26635.7
1,1,2,1,1,1,2,1968,1,1968.5,"M","TIME",167202,132087,108972,92351.5,79293.8,68420.7,129450,104792,84684.3,68219.1,54805.5,43955.9,35221.9,28209.3,22586.5,18081.5,14473.5,11584.7,9272.08,7420.87,5939.13,23800.8
1,1,2,1,1,1,2,1969,1,1969,"B","TIME",200177,151288,119511,98585.8,83500.6,71538.9,61531.6,116107,93836.5,75762.5,61002.2,48994.4,39289,31479.3,25210.3,20184.5,16158.1,12933.7,10352.1,8285.41,6631.14,26574.6
1,1,2,1,1,1,2,1969,1,1969.5,"M","TIME",181125,136885,108124,89150.9,75378.5,64415,55286.5,104186,84141.6,67908.5,54666.6,43900.4,35201.4,28202.8,22585.6,18082.6,14475.3,11586.5,9273.74,7422.31,5940.34,23806
1,1,2,1,1,1,2,1970,1,1970,"B","TIME",215463,163886,123853,97821.2,80618.9,68046.4,58000.5,49675.3,93489.1,75448.4,60868.7,48988.9,39336,31539,25267.3,20234.1,16199.6,12967.7,10379.7,8307.74,6649.12,26647.4
1,1,2,1,1,1,2,1970,1,1970.5,"M","TIME",194952,148275,112032,88388,72548,60866.3,51621.6,44075.9,82810.6,66769.4,53839.5,43318.8,34776.9,27880.4,22334.5,17884.6,14318,11461.2,9173.67,7342.33,5876.39,23550.2
1,1,2,1,1,1,2,1971,1,1971,"B","TIME",211045,176394,134151,101339,79864.5,65285.1,54443.8,45944.2,39107.7,73351.8,59088.8,47622,38305,30746.1,24646.1,19742.1,15807.9,12655,10129.7,8107.76,6489.11,26006.4
1,1,2,1,1,1,2,1971,1,1971.5,"M","TIME",190953,159586,121333,91518.7,71722.6,58146.9,48159.4,40469.5,34367.6,64380.3,51825.6,41751.4,33574.6,26945,21596.9,17298.3,13850.4,11087.5,8874.76,7103.17,5684.99,22783.2
1,1,2,1,1,1,2,1972,1,1972,"B","TIME",198845,172773,144379,109739,82650.1,64410.9,51789.2,42600.5,35647.1,30202.1,56506,45455.1,36604.4,29428.4,23613.8,18924.8,15157.1,12135.3,9714.15,7775.3,6223.05,24940.1
1,1,2,1,1,1,2,1972,1,1972.5,"M","TIME",179919,156322,130615,99212.4,74539.1,57880,46398.7,38095.8,31845.2,26966.1,50436.4,40565.4,32663.2,26258,21068.8,16884.7,13522.8,10826.7,8666.53,6936.7,5551.83,22249.8
1,1,2,1,1,1,2,1973,1,1973,"B","TIME",177256,162794,141437,118163,89695.4,67224.1,52011.4,41569.2,34067.4,28448.9,24076.9,45018.7,36201.6,29146.4,23429.2,18798.2,15064.6,12064.8,9659.17,7731.88,6188.55,24802.8
1,1,2,1,1,1,2,1973,1,1973.5,"M","TIME",160382,147285,127933,106750,80663.3,60048.6,46200.5,36797.8,30100,25110.1,21239.1,39699.6,31917.8,25694.1,20652.4,16569.3,13277.8,10633.5,8513.05,6814.33,5454.08,21858.8
1,1,2,1,1,1,2,1974,1,1974,"B","TIME",229829,145114,133254,115718,96440.1,72540.7,53639.1,41038.9,32574.1,26594.6,22163.1,18735.8,35008.9,28140.9,22650.8,18204.6,14604.6,11702.9,9371.95,7502.93,6005.67,24071
1,1,2,1,1,1,2,1974,1,1974.5,"M","TIME",207951,131292,120539,104572,86827.4,64952.4,47809.6,36476.1,28907.8,23581.7,19643.1,16601,31014.8,24927.8,20063.1,16124.1,12935.1,10364.8,8300.25,6644.86,5318.78,21317.6
1,1,2,1,1,1,2,1975,1,1975,"B","TIME",302475,188156,118787,109037,94499.3,78172.8,58158,42613.7,32420.7,25654.2,20910,17409.6,14709.5,27476.4,22081.5,17771.1,14281.4,11456.4,9179.76,7351.1,5884.93,23589.6
1,1,2,1,1,1,2,1975,1,1975.5,"M","TIME",273687,170244,107471,98609.3,85333.6,70433.8,52303.8,38280.6,29105.9,23023.4,18762.2,15619.7,13196.2,24648.8,19808.5,15941.5,12810.9,10276.7,8234.41,6594.03,5278.83,21160
1,1,2,1,1,1,2,1976,1,1976,"B","TIME",301091,247639,154038,97232.3,89179.1,77056.9,63461,47038.9,34388.1,26129.9,20662.4,16835.1,14013.7,11838.7,22112.1,17769.5,14300.2,11491.8,9218.44,7386.41,5914.93,23715.7
1,1,2,1,1,1,2,1976,1,1976.5,"M","TIME",272433,224060,139353,87907.1,80434.1,69256,56869.8,42077.4,30730.5,23338.2,18449.3,15029.3,12509.3,10567,19736.1,15859.6,12762.9,10256.2,8227.21,6592.12,5278.83,21165.1
1,1,2,1,1,1,2,1977,1,1977,"B","TIME",278798,246503,202726,126069,79476.3,72546.6,62244.8,50963.2,37639.2,27461.9,20844.7,16473.3,13417.2,11166.4,9431.98,17615.3,14154.9,11390.9,9153.53,7342.57,5883.24,23600
1,1,2,1,1,1,2,1977,1,1977.5,"M","TIME",252261,223030,183397,113969,71660.1,65159.2,55727.1,45536.5,33594.7,24496.6,18587.8,14686.9,11960.9,9953.6,8407.18,15700.8,12616.2,10152.5,8158.26,6544.14,5243.46,21033.4
1,1,2,1,1,1,2,1978,1,1978,"B","TIME",401971,228250,201793,165911,103030,64612.7,58524.1,49891.8,40687.7,29984.8,21851.5,16575.3,13094.3,10662.6,8872.55,7493.72,13994.4,11244.8,9048.7,7271.21,5832.54,23419.2
1,1,2,1,1,1,2,1978,1,1978.5,"M","TIME",363704,206504,182522,149872,92619.4,57668.9,51924.7,44103.9,35895.1,26424.1,19245,14593,11525.8,9384.17,7808.02,6594.2,12314.1,9894.28,7961.74,6397.64,5131.75,20604.9
1,1,2,1,1,1,2,1979,1,1979,"B","TIME",468773,329079,186830,165091,135383,83260.5,51471.3,46069.6,38987.4,31667,23286.2,16949.4,12847.8,10145.3,8259,6871.2,5802.66,10835.5,8705.94,7005.34,5629.03,22644
1,1,2,1,1,1,2,1979,1,1979.5,"M","TIME",424156,297747,169022,149267,122139,74871.9,46161.1,41248.1,34875.3,28313.1,20814.2,15147.7,11481,9065.38,7379.6,6139.39,5184.55,9681.1,7778.37,6258.91,5029.22,20231
1,1,2,1,1,1,2,1980,1,1980,"B","TIME",517269,383785,269398,152912,134961,110190,67328.4,41398.6,36931.2,31196.9,25314.3,18604.6,13537.5,10259.6,8100.44,6593.83,5485.52,4632.28,8649.73,6949.63,5592.01,22568.4
1,1,2,1,1,1,2,1980,1,1980.5,"M","TIME",468032,347236,243702,138210,121601,98821.4,60149.3,36896.5,32871.9,27748.2,22507.1,16537.7,12031.8,9117.68,7198.44,5859.35,4874.36,4116.1,7685.75,6175.05,4968.7,20052.6
1,1,2,1,1,1,2,1981,1,1981,"B","TIME",1116260,423482,314167,220457,124922,109564,88626,53735.8,32883.9,29258.7,24680.8,20011.2,14700.4,10693.6,8102.88,6396.87,5206.68,4331.29,3657.43,6829.2,5486.8,22232.1
1,1,2,1,1,1,2,1981,1,1981.5,"M","TIME",1010000,383145,284185,199211,112446,98057.1,78941,47723.2,29157.4,25920.4,21854.2,17714.4,13011,9463.62,7170.35,5660.4,4607.08,3832.39,3236.09,6042.38,4854.59,19670.1
1,1,2,1,1,1,2,1982,1,1982,"B","TIME",477605,913858,346650,257065,180013,101215,87758.4,70314.4,42383.5,25853.3,22963,19351.4,15681.3,11515.7,8375.1,6345.15,5008.72,4076.52,3390.96,2863.29,5346.22,21698.6
1,1,2,1,1,1,2,1982,1,1982.5,"M","TIME",432144,826830,313589,232359,162221,90804.1,78440.2,62704.7,37749.1,23010.7,20430.6,17213.5,13947,10241.2,7447.78,5642.37,4453.84,3624.84,3015.2,2545.97,4753.69,19293.5
1,1,2,1,1,1,2,1983,1,1983,"B","TIME",406135,391010,748091,283681,210028,146187,81464.3,70111.3,55918.7,33621.5,20480.8,18177.4,15311.8,12404.5,9107.78,6623.14,5017.44,3960.43,3223.21,2681.07,2263.82,21381.8
1,1,2,1,1,1,2,1983,1,1983.5,"M","TIME",367481,353784,676802,256519,189560,131574,73151.4,62867.4,50101.8,30111.4,18338.2,16273.6,13707,11103.8,8152.48,5928.3,4490.98,3544.84,2884.95,2399.69,2026.21,19137.5
1,1,2,1,1,1,2,1984,1,1984,"B","TIME",593762,332505,320102,612307,231957,171087,118421,65686.9,56371.8,44890.1,26967.7,16419.8,14569.2,12270.3,9939.49,7297.38,5306.36,4019.76,3172.85,2582.19,2147.84,18942.4
1,1,2,1,1,1,2,1984,1,1984.5,"M","TIME",537252,300853,289609,553771,209489,154195,106546,59037.5,50636,40309.8,24211.9,14740.4,13078.3,11014.2,8921.74,6550.05,4762.87,3608.01,2847.84,2317.66,1927.8,17001.7
1,1,2,1,1,1,2,1985,1,1985,"B","TIME",1012480,486120,272213,262021,500831,189197,138972,95862.2,53061.3,45483.7,36196.9,21737.7,13232.7,11739.9,9886.67,8008.2,5879.25,4275.05,3238.44,2556.11,2080.24,16990.2
1,1,2,1,1,1,2,1985,1,1985.5,"M","TIME",916117,439842,246279,236958,452217,170437,124951,86089.1,47620.7,40805.7,32467.7,19495.9,11867.3,10528,8865.82,7181.17,5272.01,3833.46,2903.9,2292.05,1865.33,15234.8
1,1,2,1,1,1,2,1986,1,1986,"B","TIME",428433,828927,397970,222816,214293,408321,153537,112346,77312.3,42737.9,36608.9,29122.7,17485.4,10642.7,9441.2,7950.38,6439.55,4727.48,3437.48,2603.92,2055.26,15333.5
1,1,2,1,1,1,2,1986,1,1986.5,"M","TIME",387659,750020,360064,201524,193572,368154,138219,101041,69496.8,38406.6,32893.6,26164.8,15708.5,9560.87,8481.31,7141.95,5784.67,4246.68,3087.86,2339.07,1846.21,13773.7
1,1,2,1,1,1,2,1987,1,1987,"B","TIME",1144150,350764,678625,325767,182268,174855,331937,124430,90874.5,62471.3,34514.3,29555.3,23507.3,14112.3,8589.01,7619,6415.71,5196.4,3814.78,2773.79,2101.16,14031.1
1,1,2,1,1,1,2,1987,1,1987.5,"M","TIME",1035260,317379,614009,294688,164752,157871,299413,112173,81896.3,56289.5,31096,26626.7,21177.2,12713.2,7737.37,6863.48,5779.47,4681.05,3436.44,2498.69,1892.76,12639.4
1,1,2,1,1,1,2,1988,1,1988,"B","TIME",283123,936740,287170,555545,266574,148919,142537,270075,101123,73805.1,50719.4,28016.2,23988.2,19078.1,11452.8,6970.18,6182.88,5206.32,4216.81,3095.62,2250.87,13090.8
1,1,2,1,1,1,2,1988,1,1988.5,"M","TIME",256180,847593,259839,502653,241157,134664,128786,243709,91106,66382.5,45545.1,25122,21483.8,17069,10238.2,6226.85,5520.54,4646.59,3762.16,2761.09,2007.18,11669.7
1,1,2,1,1,1,2,1989,1,1989,"B","TIME",506159,231801,766930,235109,454796,218163,121773,116361,219917,82081.6,59706.3,40898.6,22526.7,19240.9,15271.5,9152.5,5562.79,4929.15,4147.04,3356.53,2462.71,12192.7
1,1,2,1,1,1,2,1989,1,1989.5,"M","TIME",457991,209741,693942,212730,411476,197344,110109,105152,198583,74060,53830.3,36848.6,20284.2,17317.2,13739.3,8231.6,5001.81,4431.17,3727.46,3016.53,2213.01,10954.7
1,1,2,1,1,1,2,1990,1,1990,"B","TIME",555149,414407,189781,627901,192482,372283,178511,99562.4,95023.1,179319,66822.3,48532.6,33199.6,18265,15585.8,12360.8,7403.37,4497.4,3983.49,3350.33,2710.97,11831.1
1,1,2,1,1,1,2,1990,1,1990.5,"M","TIME",502316,374966,171715,568079,174078,336349,160957,89495.4,85088.3,159918,59360.5,42963.7,29303.2,16081.9,13695.5,10844.1,6486.53,3936.33,3483.61,2927.93,2367.9,10325.6
1,1,2,1,1,1,2,1991,1,1991,"B","TIME",476654,454512,339279,155369,513956,157434,303884,145130,80446.4,76192.2,142615,52731.9,38033.8,25864.2,14159.8,12034.5,9513.53,5683.23,3445.25,3046.45,2558.78,11080
1,1,2,1,1,1,2,1991,1,1991.5,"M","TIME",431293,411256,306985,140573,464896,142313,274338,130756,72298.8,68294,127508,47039.6,33862.9,22991.1,12570.5,10672.6,8429.75,5032.38,3049.03,2694.92,2262.73,9792.87
1,1,2,1,1,1,2,1992,1,1992,"B","TIME",521252,390249,372117,277766,127185,420519,128644,247665,117807,64976.3,61214.6,114001,41961.8,30149.4,20437.3,11159.6,9464.76,7469.44,4456.07,2698.38,2383.95,10656.2
1,1,2,1,1,1,2,1992,1,1992.5,"M","TIME",471647,353109,336698,251314,115047,380152,116152,223195,105919,58274.2,54769.9,101782,37396.8,26829.3,18164.4,9908.79,8397.21,6622.72,3948.91,2390.29,2111.06,9431.81
1,1,2,1,1,1,2,1993,1,1993,"B","TIME",369563,426762,319503,304651,227381,104067,343660,104874,201143,95230.6,52263.3,49003.6,90873.8,33328.4,23874.7,16144.4,8798.15,7450.08,5871.98,3499.48,2117.38,10217.5
1,1,2,1,1,1,2,1993,1,1993.5,"M","TIME",334394,386148,289093,275642,205688,94088.2,310372,94559.1,180988,85501.6,46826.1,43824,81139.9,29719.5,21266.7,14368.4,7824.82,6622.18,5217.11,3108.08,1880.02,9068.21
1,1,2,1,1,1,2,1994,1,1994,"B","TIME",344712,302571,349399,261578,249395,186065,85066,280309,85259,162853,76766.5,41954.6,39191.9,72448.7,26501.3,18943.5,12787.7,6959.17,5886.29,4635.28,2760.46,9717.46
1,1,2,1,1,1,2,1994,1,1994.5,"M","TIME",311907,273775,316142,236667,225591,168199,76800.7,252581,76640.1,146014,68660,37442.2,34911.4,64436.4,23540.8,16810.2,11338.3,6166.32,5212.92,4103.28,2442.81,8594.9
1,1,2,1,1,1,2,1995,1,1995,"B","TIME",362011,282224,247720,286051,214129,204059,152049,69338.4,227597,68892.4,130916,61409.5,33415.1,31098.5,57310.2,20911,14917,10053.1,5463.8,4616.58,3632.34,9763.72
1,1,2,1,1,1,2,1995,1,1995.5,"M","TIME",327560,255365,224143,258813,193702,184496,137329,62525.5,204826,61868.7,117332,54938.1,29847.9,27743.3,51074,18619.9,13273.7,8940.8,4857.14,4102.55,3226.99,8670.55
1,1,2,1,1,1,2,1996,1,1996,"B","TIME",507880,296388,231063,202809,234169,175223,166809,124034,56382.1,184334,55561.1,105156,49148.6,26661.5,24750.1,45516.3,16579.8,11811.4,7951.54,4317.84,3645.76,10566.7
1,1,2,1,1,1,2,1996,1,1996.5,"M","TIME",459547,268181,209070,183496,211823,158408,150622,111794,50703.1,165368,49729.7,93926.9,43823.4,23738.3,22010.4,40439.4,14719.2,10479.4,7051.33,3827.49,3230.7,9359.25
1,1,2,1,1,1,2,1997,1,1997,"B","TIME",508577,415814,242658,189171,166022,191609,143206,136005,100761,45596.1,148353,44510.4,83896.5,39075.2,21135.6,19574,35928.7,13067.3,9297.65,6253.04,3392.82,11152.7
1,1,2,1,1,1,2,1997,1,1997.5,"M","TIME",460178,376241,219561,171154,150171,173194,129262,122500,90514.3,40843.2,132530,39667,74613.8,34692.6,18739,17335,31790.2,11553.8,8215.93,5522.96,2995.56,9841.36
1,1,2,1,1,1,2,1998,1,1998,"B","TIME",509979,416384,340434,198662,154853,135833,156548,116676,110336,81309.3,36585.7,118394,35350.6,66358.2,30801.5,16614.2,15352.1,28128.4,10215.5,7260.06,4878.12,11329
1,1,2,1,1,1,2,1998,1,1998.5,"M","TIME",461446,376756,308029,179739,140060,122755,141241,105001,98981.5,72697.3,32605.8,105213,31338.6,58708.2,27205.7,14655.1,13527.4,24763.7,8987.34,6383.67,4287.35,9950.46
1,1,2,1,1,1,2,1999,1,1999,"B","TIME",400995,417531,340899,278708,162618,126679,110936,127431,94493.4,88795.7,64997.5,29058.8,93499.5,27781.8,51940.2,24029.7,12927.1,11919.5,21801.5,7906.82,5613.07,12507.8
1,1,2,1,1,1,2,1999,1,1999.5,"M","TIME",362834,377795,308452,252166,147097,114514,100154,114821,84935.1,79606.7,58126.8,25929.7,83274.2,24704.9,46128.9,21319.3,11459.4,10559.2,19303.2,6997.75,4966.01,11060.3
1,1,2,1,1,1,2,2000,1,2000,"B","TIME",376037,328305,341840,279093,228151,133056,103518,90420.9,103459,76343.7,71368.6,51982.3,23137.5,74167.1,21968.8,40967.9,18914.5,10158.4,9354.21,17091.2,6193.2,14173.8
1,1,2,1,1,1,2,2000,1,2000.5,"M","TIME",340251,297059,309302,252512,206367,120265,93431.6,81430.9,92917.4,68365.2,63732,46304.9,20566.9,65811.5,19466,36258.5,16724.7,8975.61,8260.08,15084.8,5464.05,12497.9
1,1,2,1,1,1,2,2001,1,2001,"B","TIME",502065,307870,268788,279862,228462,186662,108703,84328.2,73334.8,83450,61220.5,56912.6,41247.6,18281.9,58397.2,17248.2,32090.5,14788.3,7930.52,7293.93,13314,15840.9
1,1,2,1,1,1,2,2001,1,2001.5,"M","TIME",454285,278570,243204,253209,206655,168736,98137.1,75981.1,65913.6,74809.3,54744.4,50779,36732.5,16255.1,51856.5,15300.5,28443,13098.7,7020.63,6454.3,11777.3,14005.4
1,1,2,1,1,1,2,2002,1,2002,"B","TIME",575796,411053,252059,220056,229095,186929,152531,88598.3,68460.3,59243.5,67063.2,48953.4,45306.4,32711.6,14453,46048.5,13572.7,25210.1,11602.1,6215.14,5711.31,22800.4
1,1,2,1,1,1,2,2002,1,2002.5,"M","TIME",521000,371933,228068,199100,207235,168994,137737,79862.8,61574.1,53159.2,60040.8,43739.7,40412.1,29136.7,12858.7,40930.6,12055.2,22377.9,10293.7,5512.12,5063.7,20205.7
1,1,2,1,1,1,2,2003,1,2003,"B","TIME",780395,471419,336537,206360,180141,187460,152780,124377,71988.6,55380.6,47699.8,53753.7,39081.2,36046.5,25952.4,11440.2,36381.5,10707.3,19864,9132.88,4888.62,22395.8
1,1,2,1,1,1,2,2003,1,2003.5,"M","TIME",706128,426555,304506,186711,162956,169487,137987,112153,64783.1,49731.1,42746.5,48084.2,34905.1,32153.4,23125.3,10185.3,32368.8,9521.16,17655.6,8114.69,4342.37,19885
1,1,2,1,1,1,2,2004,1,2004,"B","TIME",171307,638929,385960,275523,168932,147410,153237,124626,101130,58298.9,44657.9,38307.6,43012.7,31175.3,28680.8,20606.1,9068.09,28798.6,8466.38,15692.8,7210.02,21512.9
1,1,2,1,1,1,2,2004,1,2004.5,"M","TIME",155004,578122,349223,249283,152804,133246,138325,112263,90861.3,52234.4,39906.8,34151.5,38269.3,27691.3,25441,18258.4,8027.85,25477,7485.6,13868.6,6369.53,18994.8
1,1,2,1,1,1,2,2005,1,2005,"B","TIME",450363,140253,523102,315983,225542,138216,120443,124864,101126,81635.1,46800.8,35661.1,30446.3,34049,24596.6,22567.1,16178.2,7106.94,22538.4,6618.44,12256.4,22398.4
1,1,2,1,1,1,2,2005,1,2005.5,"M","TIME",407504,126905,473312,285891,204014,124942,108735,112503,90890.9,73180.4,41848.7,31816.6,27112.4,30272.8,21840.5,20017.7,14338.5,6294.55,19951.3,5856.19,10841,19801.7
1,1,2,1,1,1,2,2006,1,2006,"B","TIME",358659,368724,114828,428261,258664,184540,112943,98165.8,101366,81691.6,65601.2,37420.6,28386.5,24143.5,26915.3,19393.3,17756.2,12708,5575.02,17661.2,5181.74,27095.2
1,1,2,1,1,1,2,2006,1,2006.5,"M","TIME",324527,333632,103898,387472,233964,166795,101933,88395.9,91021.6,73136.1,58563.4,33321.1,25222.1,21413.5,23837,17155,15691.9,11222,4920.08,15578.7,4568.93,23876.8
1,1,2,1,1,1,2,2007,1,2007,"B","TIME",249726,293643,301880,94008.4,350568,211622,150756,91995.4,79598.3,81732.9,65476.7,52280.6,29670.8,22410.4,18992.3,21110.8,15175,13867.5,9909.71,4342.08,13741.7,25069.3
1,1,2,1,1,1,2,2007,1,2007.5,"M","TIME",225961,265696,273145,85054.1,317082,191256,136032,82808.7,71433.2,73113,58391.3,46495.7,26326.2,19845.7,16792.3,18641.6,13386.3,12222.9,8728.68,3822.56,12092.4,22046.5
1,1,2,1,1,1,2,2008,1,2008,"B","TIME",308621,204457,240410,247145,76952.7,286795,172851,122746,74539.4,64105.6,65402.3,52072.7,41350.8,23358.5,17574.6,14847.1,16461.2,11808.5,10773.3,7688.4,3365.2,30029.2
1,1,2,1,1,1,2,2008,1,2008.5,"M","TIME",279250,184998,217524,223598,69593.5,259096,155829,110302,66715.1,57132.6,58051.3,46052.6,36457.4,20541.6,15422.9,13007.4,14401.9,10320,9407.05,6708.65,2934.71,26165.9
1,1,2,1,1,1,2,2009,1,2009,"B","TIME",295511,252675,167390,196817,202294,62938.1,234071,140483,99120.4,59712.2,50918.1,51526.6,40728.5,32143.1,18064.4,13534.7,11395.6,12600.2,9019.1,8214.07,5853.75,25358.8
1,1,2,1,1,1,2,2009,1,2009.5,"M","TIME",267388,228627,151457,178069,182966,56876.2,211167,126406,88898.3,53369.3,45359.2,45766.3,36084.8,28419.2,15944.5,11930,10033.5,11084.3,7928.35,7216.56,5140.52,22254
1,1,2,1,1,1,2,2010,1,2010,"B","TIME",201001,241942,206868,137040,161107,165484,51398.1,190503,113739,79730.4,47700.2,40407.2,40650.1,31970.5,25126.6,14073.4,10515.6,8834.15,9750.69,6969.52,6340.19,24043.4
1,1,2,1,1,1,2,2010,1,2010.5,"M","TIME",181873,218916,187176,123986,145712,149539,46363.9,171380,101978,71231.1,42469.9,35867.2,35989.3,28244.2,22159.1,12393.7,9249.94,7763.79,8562.98,6116.97,5561.98,21077.5
1,1,2,1,1,1,2,2011,1,2011,"B","TIME",745916,164565,198081,169359,112175,131788,135130,41822.7,154177,91433.6,63637.8,37813.1,31837.3,31862.9,24952.1,19542,10914.4,8136.65,6823.11,7519.94,5368.7,23356.7
1,1,2,1,1,1,2,2011,1,2011.5,"M","TIME",674930,148903,179227,153232,101470,119141,122018,37696.2,138652,82029.2,56961.5,33777,28389.6,28371.5,22191.8,17363.7,9690.4,7219.69,6051.2,6666.55,4757.93,20689.8
1,1,2,1,1,1,2,2012,1,2012,"B","TIME",268425,610700,134732,162168,138640,91787.1,107708,110179,33976.8,124689,73592.1,50985.6,30171.7,25315.2,25262.6,19736.9,15428.1,8603.63,6406.07,5366.61,5910,22544
1,1,2,1,1,1,2,2012,1,2012.5,"M","TIME",242881,552581,121909,146727,125416,82991.4,97291,99372.8,30587.1,112026,65992.3,45642.8,26971,22602.6,22533.6,17590.8,13741.8,7659.34,5700.64,4774.07,5256.08,20041.7
1,1,2,1,1,1,2,2013,1,2013,"B","TIME",628222,219767,499993,110306,132756,113453,75038.5,87881.5,89626.7,27535.5,100649,59177.3,40859.9,24109.8,20180.6,20099.3,15678.1,12239.9,6818.7,5072.89,4246.96,22491.7
1,1,2,1,1,1,2,2013,1,2013.5,"M","TIME",568436,198851,452401,99799.5,120078,102541,67718.8,79125.5,80464.9,24645.2,89820.7,52673.3,36288.4,21372.9,17862.9,17769.4,13847.2,10802,6013.88,4471.87,3742.28,19807
1,1,2,1,1,1,2,2014,1,2014,"B","TIME",548862,514340,179926,409339,90294,108611,92678.1,61113,71242,72239.7,22058.3,80157.5,46884.1,32228.3,18946.8,15811.4,15709.6,12230.1,9533.03,5304.06,3942.06,20740.4
1,1,2,1,1,1,2,2014,1,2014.5,"M","TIME",496628,465390,162800,370352,81671.7,98166.7,83643.3,55031,63972.2,64674.7,19692.1,71377.3,41658.3,28584.8,16780.1,13986.8,13883.5,10800.2,8413.3,4678.76,3475.95,18277.3
1,1,2,1,1,1,2,2015,1,2015,"B","TIME",1347400,449366,421098,147304,335078,73872.7,88727.2,75489.2,49554.3,57444.3,57902,17579.7,63558.9,37014.9,25353.1,14861.3,12372.7,12269.6,9537.46,7425.09,4127.16,19171.6
1,1,2,1,1,1,2,2015,1,2015.5,"M","TIME",1219180,406601,381019,133278,303114,66791.1,80138.8,68074.2,44598.7,51591.3,51898.2,15728.8,56780.5,33025.7,22597.5,13235,11011.4,10913.8,8479.87,6599.45,3667.22,17028.1
1,1,2,1,1,1,2,2016,1,2016,"B","TIME",584740,1103150,367905,344754,120587,274199,60388.3,72381.7,61387.4,40138.7,46334.7,46517,14072.7,50725,29466.4,20141.3,11786.7,9799.86,9707.77,7539.56,5865.62,18382.7
1,1,2,1,1,1,2,2016,1,2016.5,"M","TIME",529093,998167,332889,311928,109086,247926,54549.5,65286.5,55268.1,36066.8,41556.3,41650.3,12582.5,45300.2,26289.9,17956.1,10501.3,8726.78,8641.3,6709.11,5218.2,16347.4
1,1,2,1,1,1,2,2017,1,2017,"B","TIME",432225,478742,903173,301205,282228,98681.2,224171,49275.2,58886.7,49758.7,32407.9,37270.7,37292.7,11250.1,40455.5,23455.7,16007.9,9356.13,7771.2,7691.98,5970.13,19179.7
1,1,2,1,1,1,2,2017,1,2017.5,"M","TIME",391093,433181,817213,272528,255315,89232.3,202530,44458.8,53042.8,44741.5,29091.1,33405.9,33382.9,10059.9,36144.3,20941.4,14284,8344.74,6928.63,6856,5320.04,17085.3
1,1,2,1,1,1,2,2018,1,2018,"B","TIME",783619,353874,391957,739434,246580,230969,80688.1,182978,40113.3,47778.8,40230.2,26113.7,29941.9,29882.9,8995.65,32292.5,18696.7,12745.6,7442.69,6177.41,6110.88,19960.3
1,1,2,1,1,1,2,2018,1,2018.5,"M","TIME",709046,320197,354651,669024,223056,208822,72873.6,164986,36095.6,42900.3,36047.8,23355.8,26737.6,26650.2,8014.01,28743.9,16630.7,11330.9,6613.64,5487.34,5426.68,17717.9
1,1,2,1,1,1,2,2019,1,2019,"B","TIME",539648,641569,289724,320895,605319,201776,188799,65815.9,148764,32480.3,38520,32300.2,20889.1,23876.2,23767.3,7139.49,25585.3,14792.9,10073.3,5876.94,4874.36,20546.6
1,1,2,1,1,1,2,2019,1,2019.5,"M","TIME",488292,580510,262146,290331,547504,182362,170369,59249.3,133525,29061.1,34361.1,28735.5,18541.2,21152.5,21023.3,6307.34,22580.4,13045,8877.24,5176.47,4291.59,18078.9
1,1,2,1,1,1,2,2020,1,2020,"B","TIME",304653,441823,525262,237193,262677,495212,164816,153737,53337.9,119846,26001.8,30651.3,25564.2,16457.3,18739.4,18596.2,5572.18,19928.5,11503.6,7823.24,4559.48,19686
1,1,2,1,1,1,2,2020,1,2020.5,"M","TIME",275661,399775,475269,214610,237627,447781,148895,138693,48035,107732,23332.4,27461.3,22873.1,14708.5,16733,16593,4969,17762.9,10249.7,6968.34,4060.24,17524.1
1,1,2,1,1,1,2,2021,1,2021,"B","TIME",485794,249428,361730,430035,194176,214965,404894,134512,125121,43259.3,96842.5,20936.9,24603.3,20465.2,13145.5,14941.4,14805.5,4431.12,15832.6,9132.38,6206.85,19215.3
1,1,2,1,1,1,2,2021,1,2021.5,"M","TIME",439564,225690,327301,389089,175657,194370,365755,121332,112657,38875.2,86867.8,18749.7,22002.3,18280.4,11731.1,13323.5,13194.3,3946.94,14097,8128.69,5523.28,17092.6
1,1,2,1,1,1,2,2022,1,2022,"B","TIME",485794,397733,204211,296150,352042,158903,175749,330400,109444,101435,34935.4,77920.5,16790.9,19676.2,16328.9,10468.8,11880.8,11758.3,3515.66,12551.7,7235.32,20119.4
1,1,2,1,1,1,2,2022,1,2022.5,"M","TIME",439563,359880,184774,267946,318440,143644,158668,297703,98372.9,90937.2,31242,69528.5,14954.3,17496.6,14501.6,9287.72,10531.7,10416.2,3112.7,11108.2,6401.05,17790.5
1,1,2,1,1,1,2,2023,1,2023,"B","TIME",485794,397732,325630,167187,242429,288045,129850,143247,268242,88421.5,81525.6,27939,62040.3,13318.6,15558.4,12878.8,8239.87,9335.74,9227.2,2755.92,9830.79,21394.1
1,1,2,1,1,1,2,2023,1,2023.5,"M","TIME",439564,359881,294639,151270,219319,260492,117343,129306,241798,79586.5,73275.8,25080.1,55632.2,11932.3,13928.9,11523.1,7369.03,8345.91,8246.37,2462.37,8781.94,19106
1,1,2,1,1,1,2,2024,1,2024,"B","TIME",485794,397733,325632,266597,136869,198412,235574,106041,116720,217961,71634.3,65860.9,22513.8,49886,10690.3,12470,10310.1,6590.23,7461.04,7369.81,2200.09,24907.6
1,1,2,1,1,1,2,2024,1,2024.5,"M","TIME",439564,359882,294640,241216,123821,179429,212874,95711.6,105199,196144,64369.4,59104.1,20181.6,44677,9566.8,11152.7,9216.49,5888.85,6664.87,6581.7,1964.42,22232.8
1,1,2,1,1,1,2,2025,1,2025,"B","FORE",485794,397733,325633,266598,218251,112017,162262,192362,86388.4,94814.5,176511,57841.3,53040.6,18091,40011.9,8561.4,9974.55,8238.83,5262.11,5953.66,5877.88,21599.3
1,1,2,1,1,1,2,2025,1,2025.5,"M","FORE",439564,359881,294640,241214,197435,101284,146573,173505,77776.8,85195.9,158307,51789.8,47423.9,16156.2,35698.5,7632.52,8886.8,7336.69,4684.03,5297.89,5229.1,19207.8
